-- =============================================================================
-- Phase 2 seed: الولايات الثلاث + 22 شعبية + مدينة + منطقة افتراضية
-- يُشغَّل بعد database.sql (والمستحسن قبل أي إضافة عناوين)
-- ملاحظة: المعرفات (id) ثابتة لضمان استخدام `default_postal_area_id = 1` في
--          إضافة العنوان دون تعارض.
-- =============================================================================

USE `libya_postal`;

-- 1) الولايات الثلاث التقليدية
INSERT INTO `states` (`id`, `name`, `code`) VALUES
  (1, 'طرابلس', 'T'),
  (2, 'برقة',   'B'),
  (3, 'فزان',   'F')
ON DUPLICATE KEY UPDATE `name` = VALUES(`name`), `code` = VALUES(`code`);

-- 2) الشعبيات الـ22 (state_id = 1/2/3 بحسب الولاية التقليدية)
INSERT INTO `regions` (`id`, `name`, `state_id`) VALUES
  (1, 'البطنان',       2),
  (2, 'درنة',          2),
  (3, 'الجبل الأخضر',  2),
  (4, 'المرج',         2),
  (5, 'بنغازي',        2),
  (6, 'الواحات',       2),
  (7, 'الكفرة',        2),
  (8, 'سرت',           1),
  (9, 'النقاط الخمس',  1),
  (10, 'مصراتة',       1),
  (11, 'المرقب',       1),
  (12, 'طرابلس',       1),
  (13, 'الجفارة',      1),
  (14, 'الزاوية',      1),
  (15, 'الجبل الغربي', 1),
  (16, 'نالوت',        1),
  (17, 'الجفرة',       3),
  (18, 'وادي الشاطئ',  3),
  (19, 'سبها',         3),
  (20, 'وادي الحياة',  3),
  (21, 'غات',          3),
  (22, 'مرزق',         3)
ON DUPLICATE KEY UPDATE `name` = VALUES(`name`), `state_id` = VALUES(`state_id`);

-- 3) مدينة افتراضية تحت كل شعبية (id = 100 + region_id)
INSERT INTO `cities` (`id`, `name`, `region_id`) VALUES
  (101, 'مركز البطنان',      1),
  (102, 'مركز درنة',         2),
  (103, 'البيضاء',           3),
  (104, 'مركز المرج',         4),
  (105, 'مركز بنغازي',       5),
  (106, 'إجدابيا',           6),
  (107, 'مركز الكفرة',       7),
  (108, 'مركز سرت',          8),
  (109, 'زوارة',             9),
  (110, 'مركز مصراتة',       10),
  (111, 'الخمس',             11),
  (112, 'مركز طرابلس',       12),
  (113, 'العزيزية',          13),
  (114, 'مركز الزاوية',      14),
  (115, 'غريان',             15),
  (116, 'مركز نالوت',        16),
  (117, 'هون',               17),
  (118, 'براك',              18),
  (119, 'مركز سبها',         19),
  (120, 'أوباري',            20),
  (121, 'مركز غات',          21),
  (122, 'مركز مرزق',         22)
ON DUPLICATE KEY UPDATE `name` = VALUES(`name`), `region_id` = VALUES(`region_id`);

-- 4) منطقة افتراضية تحت كل مدينة + ضمان وجود area_id = 1
INSERT INTO `areas` (`id`, `name`, `city_id`) VALUES
  (1, 'منطقة افتراضية', 112)
ON DUPLICATE KEY UPDATE `name` = VALUES(`name`), `city_id` = VALUES(`city_id`);
